user_id,group,total_turns,first_intervene_turn,total_intervene_count,user_answer,full_dialogue
user_725062,B,3,0,0,录取：候选人1 | 专业：熟练使用 PyTorch，有模型调优经验，满足岗位核心能力 | 算法能力： | 项目经验：,"[用户]: 你好

[AI]: 你好！很高兴见到你😊 有什么我可以帮你的吗？无论是解答问题、聊天，还是需要建议，我都在这里～

[用户]: 你好

[AI]: 你好呀！😊 很高兴再次见到你～有什么想聊的，或者需要帮忙的吗？随时告诉我！

[用户]: 你好

[AI]: 你好呀！😊 每一次相遇都是新的开始～今天有什么想聊的，或者需要我帮忙的吗？无论是学习、生活还是随便聊聊，我都在这儿陪你～

"
user_968128,A,3,0,0,录取：候选人1 | 专业： | 算法能力： | 项目经验：,"[用户]: 你好

[AI]: 你好！很高兴见到你。有什么我可以帮你的吗？无论是聊天、解答问题，还是需要帮助，我都在这里。😊

[用户]: 你好

[AI]: 你好呀！😊 又见面啦～有什么新鲜事想聊聊，或者需要我帮忙的吗？随时告诉我！

[用户]: 你好

[AI]: 哈哈，你好你好！看来你是个很有礼貌的人呢～😄 无论你是想随便聊聊天、问问题，还是需要帮忙解决什么，我都在这儿等着你！请随意开口～

"
user_372475,B,3,0,0,录取：候选人3 | 专业：数学基础 需掌握线性代数（矩阵运算、SVD）、概率统计（贝叶斯、最大似然估计）及最优化方法（梯度下降、Adam）。面试时会考察公式推导与物理意义理解，而非死记硬背。例如，能解释为何Transformer用LayerNorm而非BatchNorm。 | 算法能力：数据处理与特征工程 考察脏数据清洗（缺失值、异常值）、特征构造（结合业务逻辑）及不平衡问题处理。追问：正负样本1:1000时，除采样外是否考虑Focal Loss或异常检测？能否通过数据漂移检测提前预警模型失效？ | 项目经验：项目深挖（S.T.A.R.） 按情境、任务、行动、结果追问：“项目最大挑战是什么？”“若重来如何改进？”关注候选人是否主导核心模块，而非仅参与调参。重视失败案例的反思，如模型过拟合、数据泄露等问题的解决过程。,"[用户]: 给我一些招聘AI算法工程师的评价标准

[AI]: 招聘AI算法工程师时，评价标准通常需要兼顾**理论基础**、**工程能力**、**业务落地**和**软素质**四个维度。以下是一份详细的评价标准清单，供你参考：

### 一、 硬核技术能力（基础门槛）

这部分是面试的重头戏，通常占比50%-60%。

1.  **数学基础**
    -   **线性代数**：矩阵运算、特征值分解、SVD（奇异值分解）在降维和推荐系统中的应用。
    -   **概率统计**：贝叶斯理论、最大似然估计、常见分布（高斯、泊松）、假设检验。
    -   **最优化**：梯度下降及其变种（SGD、Adam）、凸优化、拉格朗日乘数法。

2.  **机器学习与深度学习理论**
    -   **经典模型**：决策树、SVM（支持向量机）、随机森林、XGBoost、GBDT（梯度提升决策树）的推导和适用场景。
    -   **深度学习核心**：CNN（卷积神经网络）、RNN/LSTM（循环神经网络/长短期记忆网络）、Transformer、Attention机制、BERT/GPT等预训练模型原理。
    -   **损失函数与评估指标**：交叉熵、Focal Loss、AUC（曲线下面积）、F1-Score、Recall/Precision的权衡。
    -   **过拟合与调优**：正则化（L1/L2）、Dropout、Batch Normalization、学习率衰减策略、数据增强。

3.  **编程与工程能力**
    -   **Python**：熟练使用Pandas、NumPy、Scikit-learn。能写出高效、可读性强的代码（不仅是调包）。
    -   **深度学习框架**：**PyTorch**（首选）或TensorFlow。需要能手写自定义Layer/Loss、调试梯度、使用Distributed Data Parallel。
    -   **数据结构与算法**：LeetCode Medium难度，重点考察**树、图、动态规划、哈希表**（因为算法工作中经常涉及数据索引和搜索）。
    -   **代码规范**：是否写单元测试、是否使用类型注解、代码是否模块化。

### 二、 业务落地与问题解决（核心加分项）

这部分区分“调包侠”和“真正能解决问题的人”，通常占比30%。

1.  **数据处理与特征工程**
    -   **脏数据处理**：如何处理缺失值、异常值、数据漂移（Data Drift）？
    -   **特征构造**：能否结合业务逻辑创造有效特征（如：用户点击时间间隔、商品共现矩阵）？
    -   **不平衡问题**：遇到正负样本1:1000时，除了过采样/欠采样，还有什么解法（Focal Loss、异常检测思路）？

2.  **模型选型与优化**
    -   **场景匹配**：为什么这个场景用XGBoost不用神经网络？为什么用CNN而不用MLP（多层感知机）？
    -   **部署与推理**：模型压缩（剪枝、量化、蒸馏）、ONNX（开放神经网络交换格式）转换、TensorRT加速、边缘端部署经验。
    -   **A/B测试**：如何设计实验来验证模型上线后的效果？如何防止“幸存者偏差”？

3.  **实际项目深挖**
    -   **S.T.A.R.原则**：考察候选人是否真的主导过项目。追问：“你在项目中最大的技术挑战是什么？”“如果重来一次，你会怎么改进？”
    -   **失败案例**：更看重候选人是否坦诚地分析过失败原因，并从中总结出经验（如：模型效果很好但上线后业务指标没涨，发现是链路问题）。

### 三、 软素质与团队协作（长期潜力）

这部分在高级岗位或管理岗中权重更高，占比10%-20%。

1.  **学习能力与好奇心**
    -   是否关注前沿技术（如：RAG（检索增强生成）、多模态、Agent）？
    -   面对新领域（如从CV转NLP），能否快速掌握核心概念？

2.  **沟通与逻辑**
    -   能否用通俗语言向非技术人员（产品/业务）解释“为什么模型效果不好”？
    -   能否清晰地拆解一个模糊的问题（如“如何提升搜索转化率”为具体的技术方案）？

3.  **工程思维**
    -   是否考虑过代码的可复现性（设置随机种子、记录实验日志）？
    -   是否重视代码的鲁棒性（异常处理、日志记录）？

### 四、 面试中的“减分项”（避坑指南）

-   **只会调参**：说不清为什么Adam比SGD好，只知道“大家都用”。
-   **简历造假**：对项目细节一问三不知，或无法解释核心公式。
-   **忽视业务**：只关心模型精度，对“模型上线后如何监控、如何回滚”一无所知。
-   **代码脏乱**：全局变量满天飞、没有注释、不会用Git。

### 五、 不同级别的侧重点（参考）

| 级别 | 核心考察点 | 面试重点 |
| :--- | :--- | :--- |
| **初级 (0-2年)** | 基础扎实、学习速度快 | 手撕LeetCode、手写Transformer/CNN、数学推导、简单项目经验 |
| **中级 (2-5年)** | 独立解决复杂问题 | 系统设计（如：设计一个实时推荐系统）、大规模数据处理、模型优化 |
| **高级 (5年+)** | 技术视野、架构能力、团队影响力 | 技术选型决策、指导新人、跨部门协作、解决行业级难题（如：千亿参数模型训练） |

### 建议的面试流程：

1.  **笔试/机试**：限时完成一道中等难度的算法题 + 一道数据清洗/特征工程题。
2.  **技术面**：深挖项目 + 理论问答 + 现场手推一个公式（如SVM对偶）。
3.  **系统设计面**（针对中高级）：给一个业务场景，让候选人设计完整的技术方案。
4.  **交叉面/老板面**：考察软素质、价值观、抗压能力。

**最后提醒**：AI领域变化极快，招聘时建议避免“唯论文论”或“唯比赛论”。**能解决实际业务问题的能力，往往比名校背景或顶会论文更靠谱**。

[用户]: 请控制每条内容100-120字

[AI]: 好的，以下是精简后的招聘AI算法工程师评价标准，每条控制在100-120字：

**一、数学基础**
需掌握线性代数（矩阵运算、SVD）、概率统计（贝叶斯、最大似然估计）及最优化方法（梯度下降、Adam）。面试时会考察公式推导与物理意义理解，而非死记硬背。例如，能解释为何Transformer用LayerNorm而非BatchNorm。

**二、机器学习与深度学习理论**
熟悉经典模型（XGBoost、SVM）及深度学习核心（Transformer、BERT、CNN）。需理解损失函数选择逻辑、过拟合应对策略（正则化、Dropout）及评估指标（AUC、F1）的适用场景，而非仅会调包。

**三、编程与工程能力**
熟练Python及PyTorch/TensorFlow，能手写自定义Layer、调试梯度。数据结构与算法需达LeetCode Medium水平（树、图、动态规划）。重视代码规范：单元测试、类型注解、模块化设计，拒绝全局变量与无注释代码。

**四、数据处理与特征工程**
考察脏数据清洗（缺失值、异常值）、特征构造（结合业务逻辑）及不平衡问题处理。追问：正负样本1:1000时，除采样外是否考虑Focal Loss或异常检测？能否通过数据漂移检测提前预警模型失效？

**五、模型选型与落地**
根据场景选择模型（如推荐用Wide&Deep，NLP用BERT），并具备部署能力（模型压缩、ONNX转换、TensorRT加速）。需理解A/B测试设计，避免幸存者偏差。追问：模型精度高但业务指标未涨，如何排查？

**六、项目深挖（S.T.A.R.）**
按情境、任务、行动、结果追问：“项目最大挑战是什么？”“若重来如何改进？”关注候选人是否主导核心模块，而非仅参与调参。重视失败案例的反思，如模型过拟合、数据泄露等问题的解决过程。

**七、学习能力与好奇心**
考察对前沿技术（RAG、多模态、Agent）的跟进程度。面对陌生领域（如从CV转NLP），能否快速提炼核心概念？追问：“最近读的一篇论文是什么？解决了什么问题？” 警惕仅会复现开源代码的候选人。

**八、沟通与逻辑**
能否用通俗语言向产品经理解释“模型效果差”的原因？能否将模糊需求（如“提升转化率”）拆解为具体技术方案？需具备跨部门协作意识，避免陷入纯技术自嗨。

**九、工程思维**
关注代码可复现性（固定随机种子、记录实验日志）与鲁棒性（异常处理、监控告警）。追问：“模型上线后如何监控性能衰减？回滚策略是什么？” 高级岗位需具备系统设计能力（如实时推荐架构）。

**十、不同级别侧重点**
初级（0-2年）：基础扎实、代码能力强，侧重手撕算法与理论推导。中级（2-5年）：独立解决复杂问题，侧重系统设计（推荐系统、大规模训练）。高级（5年+）：技术视野与架构能力，侧重技术选型、团队指导及行业难题攻克。

**十一、避坑指南（减分项）**
警惕“调参侠”：说不清Adam为何优于SGD，仅知“大家都用”。简历造假：项目细节一问三不知。忽视业务：只关注精度，不问上线后如何监控。代码脏乱：无注释、不会Git、全局变量满天飞。

**十二、面试流程建议**
笔试：限时完成算法题+数据清洗题。技术面：深挖项目+理论问答+手推公式（如SVM对偶）。系统设计面（中高级）：给定业务场景设计完整方案。交叉面：考察软素质与抗压能力。避免“唯论文论”，优先选能解决实际问题的候选人。

[用户]: 请分点整理，结构更清晰

[AI]: 好的，以下是按模块分点整理的招聘AI算法工程师评价标准，结构更清晰：

---

### 一、硬核技术能力

**1. 数学基础**
需掌握线性代数（矩阵运算、SVD）、概率统计（贝叶斯、最大似然估计）及最优化方法（梯度下降、Adam）。面试时会考察公式推导与物理意义理解，而非死记硬背。例如，需能解释为何Transformer使用LayerNorm而非BatchNorm。

**2. 机器学习与深度学习理论**
熟悉经典模型（XGBoost、SVM）及深度学习核心（Transformer、BERT、CNN）。需理解损失函数选择逻辑、过拟合应对策略（正则化、Dropout）及评估指标（AUC、F1）的适用场景，而非仅会调包。

**3. 编程与工程能力**
熟练Python及PyTorch/TensorFlow，能手写自定义Layer、调试梯度。数据结构与算法需达LeetCode Medium水平（树、图、动态规划）。重视代码规范：单元测试、类型注解、模块化设计，拒绝全局变量与无注释代码。

---

### 二、业务落地与问题解决

**4. 数据处理与特征工程**
考察脏数据清洗（缺失值、异常值）、特征构造（结合业务逻辑）及不平衡问题处理。追问：正负样本1:1000时，除采样外是否考虑Focal Loss或异常检测？能否通过数据漂移检测提前预警模型失效？

**5. 模型选型与落地**
根据场景选择模型（如推荐用Wide&Deep，NLP用BERT），并具备部署能力（模型压缩、ONNX转换、TensorRT加速）。需理解A/B测试设计，避免幸存者偏差。追问：模型精度高但业务指标未涨，如何排查？

**6. 项目深挖（S.T.A.R.）**
按情境、任务、行动、结果追问：“项目最大挑战是什么？”“若重来如何改进？”关注候选人是否主导核心模块，而非仅参与调参。重视失败案例的反思，如模型过拟合、数据泄露等问题的解决过程。

---

### 三、软素质与团队协作

**7. 学习能力与好奇心**
考察对前沿技术（RAG、多模态、Agent）的跟进程度。面对陌生领域（如从CV转NLP），能否快速提炼核心概念？追问：“最近读的一篇论文是什么？解决了什么问题？” 警惕仅会复现开源代码的候选人。

**8. 沟通与逻辑**
能否用通俗语言向产品经理解释“模型效果差”的原因？能否将模糊需求（如“提升转化率”）拆解为具体技术方案？需具备跨部门协作意识，避免陷入纯技术自嗨。

**9. 工程思维**
关注代码可复现性（固定随机种子、记录实验日志）与鲁棒性（异常处理、监控告警）。追问：“模型上线后如何监控性能衰减？回滚策略是什么？” 高级岗位需具备系统设计能力（如实时推荐架构）。

---

### 四、面试评估指南

**10. 不同级别侧重点**
初级（0-2年）：基础扎实、代码能力强，侧重手撕算法与理论推导。中级（2-5年）：独立解决复杂问题，侧重系统设计（推荐系统、大规模训练）。高级（5年+）：技术视野与架构能力，侧重技术选型、团队指导及行业难题攻克。

**11. 避坑指南（减分项）**
警惕“调参侠”：说不清Adam为何优于SGD，仅知“大家都用”。简历造假：项目细节一问三不知。忽视业务：只关注精度，不问上线后如何监控。代码脏乱：无注释、不会Git、全局变量满天飞。

**12. 面试流程建议**
笔试：限时完成算法题+数据清洗题。技术面：深挖项目+理论问答+手推公式（如SVM对偶）。系统设计面（中高级）：给定业务场景设计完整方案。交叉面：考察软素质与抗压能力。避免“唯论文论”，优先选能解决实际问题的候选人。

"
user_641079,A,3,0,0,录取：候选人1 | 专业： | 算法能力： | 项目经验：,"[用户]: 给我一些招聘AI算法工程师的评级理由

[AI]: 以下是招聘AI算法工程师时可以参考的**评级理由**，涵盖技术能力、项目经验、工程能力、沟通协作等多个维度。你可以根据候选人的实际表现，选择或组合使用这些理由，用于面试评价、Offer定级或晋升评审。

---

### 一、技术深度与算法能力

**S级（顶尖）**
- 在CV/NLP/多模态等核心方向有**顶会论文**（如NeurIPS、ICML、CVPR）或**顶级竞赛**（Kaggle Grandmaster、国际AI挑战赛前三）经历，且对算法原理有深刻理解，能清晰推导公式与优化动机。
- 能够**从0到1设计新模型结构**，而非仅调参或复现开源代码；能针对业务场景提出创新性改进（如轻量化、小样本、鲁棒性优化）。
- 对**SOTA方法**有持续追踪能力，能快速评估新论文的可行性与局限性，并给出落地建议。

**A级（优秀）**
- 熟练掌握主流模型（Transformer、ResNet、LSTM等）及训练技巧（学习率调度、正则化、数据增强），能独立完成模型选型与调优，在公开数据集或内部业务数据上达到**可复现的SOTA或接近SOTA**水平。
- 具备**数学推导能力**（如梯度推导、损失函数设计、概率图模型理解），能解释模型为何有效或失效。
- 对**模型压缩与部署**（量化、剪枝、蒸馏）有实操经验，能在精度损失可控的前提下显著提升推理速度。

**B级（良好）**
- 熟悉常用算法框架（PyTorch/TensorFlow/JAX），能完成**标准流程**：数据预处理→模型训练→评估→调参。
- 能复现经典论文结果，并对超参数进行有效搜索，但**缺乏独立设计新方法**的能力。
- 对常见问题（过拟合、欠拟合、类别不平衡）有基本解决经验，但**缺乏系统性理论分析**。

**C级（需提升）**
- 仅能使用现成模型或API（如调用预训练模型微调），**不理解底层原理**（如Attention机制如何计算、反向传播过程）。
- 遇到复杂问题（如梯度消失、收敛不稳定）时**缺乏调试思路**，依赖网上搜索或他人帮助。

---

### 二、工程能力与落地经验

**S级（顶尖）**
- 具备**大规模分布式训练**经验（如多机多卡、混合精度、数据并行/模型并行），能优化训练效率（如减少通信开销、内存管理）。
- 熟悉**MLOps全流程**：数据管道（Spark/Flink）、特征存储（Feast）、模型版本管理（MLflow）、在线服务（TF Serving/Triton），能搭建端到端自动训练-评估-部署流水线。
- 有**高性能C++/CUDA编程**能力，能自定义算子或优化推理引擎，解决生产环境延迟/吞吐瓶颈。

**A级（优秀）**
- 能独立将模型部署到**生产环境**（如云服务、边缘设备），熟悉Docker/K8s、RESTful API、gRPC，具备**线上A/B测试**经验。
- 能处理**数据工程问题**：大规模数据清洗、特征工程（时效性、一致性）、数据漂移检测（如PSI计算）。
- 对**模型监控**有实践：能设计在线指标（响应时间、QPS、预测分布）与离线指标（准确率、覆盖率）的监控告警体系。

**B级（良好）**
- 能用Python完成模型训练与评估，能使用Flask/FastAPI封装简单服务，但**缺乏高并发、低延迟部署经验**。
- 能使用现成工具（如TensorBoard、WandB）进行实验管理，但**未接触过自动化CI/CD流程**。
- 对**数据版本控制**（如DVC）和**模型注册**（如MLflow Model Registry）有基本了解，但未在团队中推广。

**C级（需提升）**
- 代码风格混乱，**缺乏版本控制意识**（Git使用不规范），实验记录缺失，导致结果不可复现。
- 对**线上环境**（如GPU资源、内存限制、并发请求）缺乏认知，部署后频繁出现OOM或超时错误。

---

### 三、业务理解与问题定义

**S级（顶尖）**
- 能**主动发现业务痛点**，将模糊的业务需求（如“提升用户留存”“降低异常交易率”）转化为**可量化、可优化的机器学习问题**（如CTR预估、时序异常检测、多目标优化）。
- 能设计**合理的评估指标**（如考虑业务成本、延迟、覆盖率），并平衡模型复杂度与业务收益（ROI）。
- 对**数据隐私与合规**有深刻理解（如联邦学习、差分隐私、数据脱敏），能设计符合法规的算法方案。

**A级（优秀）**
- 能快速理解业务场景，**与产品/运营高效沟通**，明确需求边界与优先级，输出清晰的技术方案文档。
- 能**主动收集业务反馈**，迭代优化模型（如根据线上bad case调整特征或损失函数）。
- 能进行**A/B实验设计**（如样本量计算、分流策略、统计显著性检验），并客观分析实验结果。

**B级（良好）**
- 能按照给定的业务需求完成模型开发，但**缺乏主动提问或质疑**（如“这个指标真的能反映业务目标吗？”）。
- 能完成基本的数据分析（如统计分布、相关性分析），但**不擅长从数据中发现潜在问题**（如数据泄露、概念漂移）。

**C级（需提升）**
- 只关注模型指标（如AUC、F1），**不关心业务实际效果**（如模型上线后转化率是否提升）。
- 遇到需求变更时**缺乏灵活调整能力**，抱怨业务方“不懂技术”。

---

### 四、沟通协作与团队贡献

**S级（顶尖）**
- 能**指导初级工程师**成长，定期组织技术分享或Code Review，提升团队整体算法水平。
- 在跨团队协作中（如与后端、数据工程、产品团队），能**用非技术语言解释算法方案**，推动项目落地。
- 能**主动建立技术规范**（如实验标准、代码风格、模型文档模板），减少团队重复劳动。

**A级（优秀）**
- 能清晰撰写技术文档（设计文档、实验报告、上线SOP），便于他人理解与复现。
- 在项目评审中能**提出建设性意见**（如“这个方案在数据量不足时可能过拟合，建议先做数据增强”）。
- 能**积极帮助同事解决技术问题**，不推诿责任。

**B级（良好）**
- 能完成分配的任务，但**缺乏主动性**（如不主动同步进度、不主动提出改进建议）。
- 在Code Review中能发现明显错误，但**对设计模式或性能优化关注不足**。

**C级（需提升）**
- 沟通时**逻辑混乱**，无法清晰说明自己的思路或问题。
- **抵触协作**，习惯单打独斗，导致与其他团队接口不一致或重复造轮子。

---

### 五、学习能力与成长潜力

**S级（顶尖）**
- 对新技术（如多模态大模型、强化学习、扩散模型）有**强烈好奇心**，能快速学习并尝试在业务中验证。
- 能从失败实验中**提炼方法论**（如“这种损失函数在稀疏数据下不收敛，因为梯度方差太大”），而非重复犯错。
- 有**开源贡献**（如向知名项目提PR）或**技术博客**，展现技术影响力。

**A级（优秀）**
- 能通过阅读论文或官方文档**快速上手新框架/工具**（如从PyTorch切换到JAX，或从TensorFlow 1.x迁移到2.x）。
- 愿意**花时间复盘**项目，总结得失，并主动寻求反馈。

**B级（良好）**
- 需要**明确指导**才能学习新技术，但能按照教程完成基础任务。
- 对常见问题（如过拟合、数据不平衡）**依赖过往经验**，缺乏系统性学习新方案的意愿。

**C级（需提升）**
- 技术栈**严重依赖单一框架**，无法适应工具变化（如只会用Keras，不会用PyTorch）。
- 对**学习新知识有抵触情绪**，认为“够用就行”。

---

### 总结建议：如何给候选人定级？

- **S级**：能独立引领技术方向，有顶级成果或落地经验，能带团队。
- **A级**：能独立负责核心模块，有完整项目经验，沟通协作好。
- **B级**：能完成分配任务，需要一定指导，但基础扎实。
- **C级**：基础薄弱，需要大量培训，建议谨慎录用或作为实习生培养。

你可以根据岗位的**具体需求**（如偏研究、偏工程、偏业务）对以上维度进行加权，例如：
- **研究岗**：重点看“技术深度”与“学习能力”。
- **工程岗**：重点看“工程能力”与“业务理解”。
- **管理岗**：重点看“沟通协作”与“团队贡献”。

希望这些评级理由能帮助你更客观、全面地评估AI算法工程师候选人！

[用户]: 给我一些招聘AI算法工程师的评级理由

[AI]: 既然你希望获得更**直接、可复制**的评级理由，我为你整理了**按评级等级分类**的常用评语。这些评语可以直接用于面试评价表、Offer定级报告或晋升评审中。

---

### 一、S级（杰出/引领者）—— 可独立定义技术方向

**核心理由：**
- **技术原创性**：在CV/NLP/多模态等方向有**顶会一作论文**，或提出过被业界广泛复用的创新方法（如新的Loss函数、网络结构）。
- **业务突破性**：主导过**从0到1**的算法落地，且带来显著业务收益（如转化率提升20%、成本降低30%），有完整的**AB实验与线上验证闭环**。
- **工程影响力**：具备**大规模分布式训练**（千卡级）或**推理极致优化**（毫秒级延迟）的实战经验，能解决行业级工程难题。
- **团队领导力**：能**主动定义技术规划**，指导3-5人小组，推动跨团队协作，并建立技术规范（如模型评估标准、实验流程）。

**典型评语示例：**
> “候选人在[具体方向，如推荐系统]有深厚积累，其在[公司名]主导的[项目名]中，通过设计[具体创新点，如双塔模型+注意力机制]，将CTR提升15%。同时具备分布式训练经验，能独立搭建千亿参数模型训练流水线。沟通逻辑清晰，能有效对齐业务与算法目标，具备技术负责人潜力。”

---

### 二、A级（优秀/骨干）—— 能独立负责核心模块

**核心理由：**
- **独立交付能力**：能**独立完成**从数据清洗、模型选型、训练调优到部署上线的全链路，且交付质量高（代码规范、文档齐全、线上稳定性好）。
- **技术深度**：对主流模型（Transformer、ResNet、GNN等）有**原理级理解**，能针对业务场景做有效改进（如轻量化、多任务学习）。
- **问题解决能力**：能**系统性诊断**模型问题（如过拟合、数据漂移、梯度异常），并给出可落地的解决方案。
- **业务对齐**：能**主动理解业务逻辑**，将模糊需求转化为可量化指标，并设计合理的评估方案。

**典型评语示例：**
> “候选人具备扎实的算法基础，能独立承担[具体任务，如文本分类]的模型开发。在[项目名]中，通过[具体方法，如Focal Loss+数据增强]解决了类别不平衡问题，线上F1提升8%。代码风格良好，有完整的实验记录。与产品团队沟通顺畅，能快速理解需求并给出技术方案。”

---

### 三、B级（良好/执行者）—— 能按计划完成任务

**核心理由：**
- **基础扎实**：熟练掌握PyTorch/TensorFlow，能**复现经典论文**结果，并完成标准训练-评估-调参流程。
- **工具使用**：熟悉常用工具（WandB、MLflow、Docker），能进行基本的实验管理与模型部署。
- **协作配合**：能**按照分配的任务**高效执行，在指导下完成技术方案落地。
- **学习意愿**：愿意学习新技术，能通过阅读文档或教程解决常见问题。

**典型评语示例：**
> “候选人熟悉深度学习基础，能使用PyTorch完成图像分类模型的训练与调优。在[项目名]中，按照既定方案完成了数据预处理与模型训练，结果符合预期。沟通态度积极，能配合团队完成联调。但缺乏独立设计新方法的能力，在遇到非标准问题时需要指导。”

---

### 四、C级（待提升/初级）—— 需要较多指导

**核心理由：**
- **基础薄弱**：对**核心概念**（如反向传播、梯度消失、BN原理）理解不深，仅能调用API但无法解释原理。
- **工程能力差**：代码质量低（无注释、硬编码、未用Git），实验记录混乱，结果不可复现。
- **依赖性强**：遇到问题**缺乏独立排查思路**，依赖他人手把手指导。
- **业务意识弱**：只关注模型指标（AUC），不关心业务效果与成本。

**典型评语示例：**
> “候选人有基本的Python编程能力，但对深度学习原理理解较浅（如无法解释Transformer的QKV计算）。在[项目名]中，复现开源代码后遇到收敛问题，需要多次提示才能定位到学习率设置不当。代码风格需改进，缺少异常处理与日志输出。建议加强理论基础与工程实践训练。”

---

### 五、按维度细化的“一句话评级”（适合快速勾选）

你可以根据候选人在以下维度的表现，直接勾选或组合使用：

| 维度 | S级（杰出） | A级（优秀） | B级（良好） | C级（待提升） |
|------|------------|------------|------------|--------------|
| **算法创新** | 有顶会论文或原创方法 | 能针对场景改进SOTA | 能复现并调优 | 仅能调用现成模型 |
| **工程落地** | 主导大规模分布式/推理优化 | 独立完成全链路部署 | 能完成基本部署 | 缺乏线上经验 |
| **业务理解** | 主动发现并定义问题 | 能转化模糊需求 | 能按需求执行 | 只关注模型指标 |
| **沟通协作** | 指导团队，推动跨部门 | 能清晰对齐需求 | 配合完成任务 | 沟通不清晰 |
| **学习潜力** | 快速掌握新技术并应用 | 能主动学习新工具 | 需指导学习 | 抵触学习新东西 |

---

### 六、特殊场景的评级理由（供参考）

**场景1：校招/实习生**
- **S级**：顶会论文/竞赛金牌，代码能力强，思考有深度，潜力巨大。
- **A级**：项目经历扎实，基础理论清晰，能完成独立实验。
- **B级**：有课程项目经验，但缺乏系统性工程思维。
- **C级**：理论不扎实，代码能力弱，缺乏学习主动性。

**场景2：跨行业转行者（如从传统机器学习转深度学习）**
- **S级**：数学功底深厚，能快速迁移方法论，对新领域有系统性学习计划。
- **A级**：传统ML经验丰富，对深度学习有项目实践，理解其与ML的异同。
- **B级**：有ML基础，但深度学习项目经验较浅，需要时间上手。
- **C级**：缺乏对深度学习的系统性认知，仅停留在概念层面。

**场景3：资深专家（10年以上）**
- **S级**：行业公认专家，有多个成功落地案例，能定义技术战略。
- **A级**：在特定领域有深厚积累，能解决复杂业务问题。
- **B级**：经验丰富但技术栈老化，对新方法接受度低。
- **C级**：缺乏持续学习，技术能力已落后于主流。

---

### 七、如何组合使用？

假设你要为一位候选人写综合评级，可以这样写：

> **综合评级：A-（优秀，但工程经验稍弱）**
>
> **核心理由：**
> - **算法能力（A级）**：对NLP领域有扎实理解，在[项目名]中独立设计了基于BERT的文本匹配模型，F1提升12%，有清晰的消融实验。
> - **工程能力（B级）**：能使用Flask部署模型，但未接触过K8s与高并发优化，线上QPS较低时需要指导。
> - **业务理解（A级）**：能主动分析bad case，并推动数据标注改进，与产品团队沟通顺畅。
> - **沟通协作（A级）**：文档规范，乐于分享，在团队中承担了新人指导工作。
>
> **发展建议：** 建议加强分布式训练与推理优化方面的实战经验，可给予相关项目锻炼机会。

希望这些评级理由能帮助你更高效、更准确地评估候选人！如果有具体的候选人情况需要分析，欢迎补充细节。

[用户]: 给我一些招聘AI算法工程师的评级理由

[AI]: 看来你非常需要一些**可以直接拿来用、按等级划分、且贴合实际面试场景**的评级理由。以下内容经过重新梳理，更注重**可操作性和场景化**，你可以直接复制到面试评价表或Offer定级报告中。

---

### 一、按等级划分的“一句话核心评级理由”

| 等级 | 核心标签 | 一句话概括 |
|------|----------|------------|
| **S级（杰出）** | 技术引领者 | 能定义技术方向，有顶级论文或行业级落地成果，能带团队。 |
| **A级（优秀）** | 独立骨干 | 能独立负责核心模块，有完整项目闭环，沟通协作好。 |
| **B级（良好）** | 可靠执行者 | 能按计划完成任务，基础扎实，需少量指导。 |
| **C级（待提升）** | 潜力新人 | 基础薄弱，需大量培训，适合实习或初级岗位。 |

---

### 二、按面试环节细分的“可复选理由”

你可以根据候选人在**算法基础、项目经验、工程能力、沟通协作**四个维度的表现，直接勾选以下理由：

#### 1. 算法基础与理论深度
- **S级**：对SOTA模型有**原理级理解**，能推导核心公式，并针对业务场景提出创新改进。
- **A级**：熟练掌握主流模型（Transformer、ResNet等），能解释其优缺点，并完成选型与调优。
- **B级**：能使用框架完成标准流程，但**对底层原理理解不深**（如无法解释反向传播细节）。
- **C级**：仅会调用API，**缺乏数学推导能力**，遇到复杂问题无法独立分析。

#### 2. 项目经验与落地能力
- **S级**：主导过**从0到1**的算法落地，带来显著业务收益（如CTR提升20%），有完整的AB实验与线上监控经验。
- **A级**：独立完成过**全链路项目**（数据→训练→部署→迭代），能处理数据漂移、模型衰减等实际问题。
- **B级**：参与过完整项目，但**主要负责单一环节**（如仅负责模型训练），缺乏端到端经验。
- **C级**：仅有课程项目或竞赛经历，**缺乏真实业务场景**的打磨。

#### 3. 工程能力与代码质量
- **S级**：具备**大规模分布式训练**经验，能优化推理延迟（如TensorRT、ONNX），代码规范且可复用。
- **A级**：能独立部署模型（Docker/K8s），有MLOps实践（实验管理、模型版本控制）。
- **B级**：能使用Flask/FastAPI封装服务，但**缺乏高并发与性能优化**经验。
- **C级**：代码风格混乱，**无版本控制意识**，实验结果不可复现。

#### 4. 沟通协作与业务理解
- **S级**：能**主动发现业务痛点**，将模糊需求转化为技术方案，并推动跨团队协作。
- **A级**：能清晰对齐业务需求，输出技术文档，在团队内有效协作。
- **B级**：能按分配任务执行，但**缺乏主动性**（如不主动同步进度）。
- **C级**：沟通逻辑不清，**难以理解业务需求**，或抵触与非技术团队合作。

---

### 三、按岗位类型定制的“场景化评级理由”

#### 场景1：偏研究型（如大模型、多模态）
- **S级**：有**顶会一作论文**（NeurIPS/ICML/CVPR），或在大模型预训练/微调方面有原创贡献。
- **A级**：能快速复现SOTA论文，并针对业务数据做有效改进，有**独立设计实验**的能力。
- **B级**：能理解论文思路，但**缺乏独立创新能力**，复现结果不稳定。
- **C级**：仅能阅读论文摘要，对核心方法理解浅显。

#### 场景2：偏工程型（如推荐系统、广告算法）
- **S级**：主导过**千万级用户/亿级样本**的算法系统，有实时特征计算、模型在线更新的实战经验。
- **A级**：能独立完成特征工程、模型训练到线上A/B测试的全流程，熟悉Spark/Flink等大数据工具。
- **B级**：能使用现成框架完成模型开发，但**缺乏大规模数据处理**经验。
- **C级**：对工程化流程不熟悉，代码效率低，无法应对高并发场景。

#### 场景3：偏业务型（如金融风控、搜索排序）
- **S级**：能**深入理解业务逻辑**，将业务指标（如坏账率、点击率）转化为可优化的损失函数，并平衡模型复杂度与业务成本。
- **A级**：能主动收集业务反馈，迭代优化模型，有**bad case分析**与**数据闭环**经验。
- **B级**：能按照业务方需求完成模型，但**缺乏主动提出改进方案**的意识。
- **C级**：只关注模型指标（AUC），**不关心业务实际效果**。

---

### 四、可直接复制的“完整评语模板”

#### S级评语模板
> “候选人在[具体方向]有深厚积累，在[项目名]中主导设计了[具体方法]，实现了[业务收益，如CTR提升15%]。具备大规模分布式训练（千卡级）与模型压缩经验，代码规范且可复用。沟通逻辑清晰，能主动定义技术规划，具备技术负责人潜力。**建议定级：高级/专家。**”

#### A级评语模板
> “候选人能独立完成算法全链路开发，在[项目名]中通过[具体方法]解决了[具体问题]，线上效果提升明显。熟悉MLOps工具链，能高效管理实验与模型版本。与产品团队协作顺畅，文档规范。**建议定级：中级/骨干。**”

#### B级评语模板
> “候选人基础扎实，能使用PyTorch完成标准模型训练与调优。在[项目名]中按照既定方案完成了数据预处理与模型训练，结果符合预期。但缺乏独立设计新方法的能力，在非标准问题下需要指导。**建议定级：初级/执行者。**”

#### C级评语模板
> “候选人对深度学习原理理解较浅，仅能调用现成模型API。项目经验有限，代码风格需改进。建议加强理论基础与工程实践，**暂不推荐录用**，或考虑实习岗位培养。”

---

### 五、快速决策指南：如何根据评级决定录用？

| 评级 | 录用建议 | 薪资范围（参考） |
|------|----------|------------------|
| **S级** | 强烈推荐，可破格录用 | 对标P7+/高级专家 |
| **A级** | 推荐录用，核心骨干 | 对标P6-P7/中级 |
| **B级** | 可录用，适合初级岗位 | 对标P5-P6/初级 |
| **C级** | 谨慎录用，仅适合实习 | 对标实习生薪资 |

---

希望这些评级理由能帮助你更高效、更精准地评估AI算法工程师候选人！如果你有具体的候选人背景需要分析，欢迎补充细节，我可以帮你定制评语。

"
